comment,replies,date,user_name
"Hola, muy interesante la informaci√≥n. Nos puedes compartir los links de las fichas t√©cnicas por favor?",[],2024-01-18T19:14:31Z,@luzreina8240
"Buen video. Sin embargo, me queda una duda. ¬øPor qu√© se invierte en tyba y no en Credi Corp Capital? ¬øCu√°l es la diferencia?",[],2024-01-16T23:41:17Z,@santisthoughts9591
"Es importante hablar de costos asociados, comisiones, impuestos, pagos y deducciones.",[],2024-01-04T00:06:19Z,@edgarnino5799
En caso de que la aplicaci√≥n de Tyba desaparezca a quien acudir para una reclamaci√≥n ?,[],2023-12-14T02:09:54Z,@josevalencia1541
"14% EA me suena a tasa de CDT, no tiene mucho sentido pagar los fees de inversi√≥n para eso ü§î",[],2023-10-29T11:29:40Z,@dquicenor
"En tyba todos ganan, el estado, los de la APP, credicorp, menos el inversionista ...",[],2023-10-13T13:58:08Z,@andresreyes-hc2kf
Amaria que al estar patrocinado tyba pudiera dar un codigo para las personas que ya hemos hecho mas de 1 inversion:(,[],2023-10-10T03:02:14Z,@jarekcastillo8723
"Amo tus videos, y quisiera saber si usas excel o algo asi para llevar cuentas y asi, en este caso saber si tyba te esta funcionando bien o no, como llevar los datos",[],2023-10-10T00:24:34Z,@jarekcastillo8723
"me puedes decir q piensas de uniox y poolex  que dicen que estan regulados, tiene nit etc etc? gracias",[],2023-09-26T20:18:06Z,@johnescobar9951
Compa√±eros ac√° les dejo mi c√≥digo de tybas KEV519671,[],2023-09-22T18:20:50Z,@kevincastillonavarro225
"muy buen an√°lisis, como siempre.  pregunta:  alguna restricci√≥n para invertir desde el extranjero? (siendo colombiano, sin relaciones laborales ni comerciales en Colombia)",[],2023-09-15T19:01:41Z,@mariorestrepo3747
Te comento las comisiones. No SIRVE,[],2023-09-06T15:51:41Z,@yeisonsanchez7211
M.G088684 gana tybs con este c√≥digo ü™ô,[],2023-08-16T17:56:07Z,@mg2054
"He estado analizando los costos de administraci√≥n y me parece muy costoso, hay alguna opci√≥n de brokers  que sea econ√≥mico y que me permita invertir a largo plazo sin que los costos sea exageradamente altos?",[],2023-08-15T04:59:34Z,@BUCEFALO2509
"Tengo una duda, el tema del 4% de retefuente como se cobra, cuando retiramos del portafolio, cuando sale el dinero de tyba?",[],2023-08-09T07:37:46Z,@miguelcortes0999
Toma t√∫ like buena mujer.,[],2023-08-06T14:26:02Z,@DanielHernandez-vo5qp
"Gabiii. Te sigo desde tus inicios en pandemia y amo
Tus videos. Gracias por educarnos ‚ù§",[],2023-08-01T21:55:11Z,@lauhgarcia2610
Me gustar√≠a un v√≠deo para la app insights que ofrece inversiones tem√°ticas por sectores.,[],2023-07-27T16:15:52Z,@leoquintero7
"Hola soy nuevo y estoy tratando de aprender del tema , un saludo desde cali",[],2023-07-25T15:28:27Z,@shanecamilopuertaisaza1477
"No me gusta tyba, para devolver 100k pesos se demoraron m√°s de 1 semanas, si uno necesita la plata no sirve. Y la verdad no veo que tengan mucho mejor rendimientos que fondos de bancolombia",[],2023-07-20T01:06:27Z,@HighOctaneNews570
"la aplicaci√≥n es muy buena, pero la verdad los productos son muy malos, mal administrados y ese es el problema en Tyba no manejas las inversiones sino que delegas eso a la larga solo le da beneficios al administrador. Lo mejor es usar otra aplicaci√≥n donde directamente inviertas en ETF o acciones por ahora Tyba es un NO muy grande",[],2023-07-13T16:26:35Z,@Perzibal_
Hola Gabi podr√≠as hacer un v√≠deo de como ahorrar en d√≥lares f√≠sicos en tyba gracias,[],2023-06-28T21:36:53Z,@angelicabuitrago545
Se pueden comprar acciones que entreguen dividendos?,[],2023-06-09T23:52:05Z,@edwin90524
"Holaa te felicito por tu canal esta super tu contenido, vi que tienes un video explicando cuanto ganas por youtube, sin embargo ya fue hace mucho tiempo, te importaria actualizarme y aclararme cuanto estas ganando mensualmente por youtube adsesnse? te lo agredeceria :) saludoss",[],2023-05-31T14:59:54Z,@TheJperea10
Podr√≠as hablar sobre el fondo de acciones y Valores que es un ahorro colectivo igual,[],2023-05-27T23:42:42Z,@andresdurango7759
Una pregunta aun sigue siendo viable invertir con a2censo?,[],2023-05-27T21:17:17Z,@mirshanpulgarin9912
Yo me qued√© sin el pan y sin el queso en Tyba perd√≠ un mill√≥n de pesos.,['Por qu√©?'],2023-05-27T15:45:47Z,@enlamentedejohn6846
Que piensan de Worban ?,[],2023-05-25T01:20:12Z,@cielocardenas1277
Muy chimbos todos.,[],2023-05-24T01:57:26Z,@juanmanuelsandovalwaked7188
cual es la tasa de interes del CDT actualmente?,[],2023-05-23T20:19:12Z,@eltaspu11
"Hola Gaby buenos d√≠as me gustar√≠a conocer mas a fondo el Tyba pocket,  en que tiempo tengo la disponibilidad del dinero que all√≠ coloque,  me queda la duda ya que dicen que semeja una cuenta de ahorro, pero finalmente no lo es?  Gracias","['Yo uso pocket y son unos d√≠as h√°biles (3 a 5) a veces menos, directamente a la cuenta de ahorro que inscribas en la app. Es como una cuenta de ahorro pero renta un poco m√°s']",2023-05-20T16:28:02Z,@marialudynavaspaez5351
En Que recomiendas  invertir 1 millones,[],2023-05-18T13:26:14Z,@cadani2996
"Gaby, ¬øpodr√≠as hacer un video hablando de Ubanku? Me llama la atenci√≥n que actualmente no tienen aplicaci√≥n m√≥vil y solo se puede acceder mediante el navegador en el celular. Es una Startup Colombiana.",[],2023-05-16T23:32:19Z,@t1m3__
Yo solo he invertido en los CDT virtualesy me ha ido muy bien,[],2023-05-08T21:31:08Z,@miguelmontes8958
Hola Gabi una pregunta podr√≠as hacer un v√≠deo de c√≥mo ganar dinero por trabajar siendo menor de edad ü•∫,[],2023-05-08T19:22:07Z,@ginaluzgutierrez2775
Colectivo Millennial tiene que ser mas viral,[],2023-05-07T02:04:31Z,@wdospinal
porque no nos das una ayudadita de donde y en que invertir para esta crisis que se acerca para todos no solo para los hermanos colombianos porfavor,[],2023-05-04T06:09:09Z,@PLANTASDEPANTANO
"Hola Gaby, puedes hablar sobre Investwe?",[],2023-05-03T16:01:08Z,@ismaeljbc
"Muy claro la explicaci√≥n de los Fondos, talvez solo ahondar un poquito mas en que es mas pr√°ctico en terminos de inversi√≥n tener un PORTAFOLIO, ya que ah√≠ s√≠ que hay diversificaci√≥n. Y algo que no dejaste claro es que nosotros como peque√±os inversionistas debemos mirar siempre la rentabilidad en la secci√≥n PARTICIPACI√ìN ""A"". Gracias y excelente video...üëçüèº",[],2023-05-03T03:34:03Z,@soloshock
"Lo malo de los Fondos de Inversi√≥n es la comisi√≥n que cobran; nones alta pero a futuro merman el rendimiento. Adem√°s, invierten en ETF y acciones individuales, excepto los de renta fija. Es bastante mejor invertir directamente en ETF o en acciones internacionalea que cotizan en Colombia.",[],2023-05-02T21:03:25Z,@carlosalbertosierravargas6344
"Hola trate de invertir,  desde un pa√≠s en medio Oriente pero no me acepta o no aplico la app",['Tyba  no funciona en todo el mundo'],2023-05-02T09:07:56Z,@nonogarzon8377
C√≥mo se resta la comisi√≥n que cobran? Podr√≠as explicarlo?,[],2023-04-28T15:53:19Z,@linaparra6420
Les recomiendo renta fija Colombia,[],2023-04-26T18:22:35Z,@jonathansanchez9724
"Hola buenos dias, buenas tardes o buenas noches, dependiendo en que horario te encuentres, no los quisiera molestar, soy nuevo con las inversiones, y si alguna persona va a usar tyba dejo por aca mi c√≥digo por si me quieren Ayudar, recibir√°n 10 mil COP es su primera inversion, gracias y perd√≥n por molestarlos, mi codigo es ALE192509",[],2023-04-24T19:11:15Z,@brayanpardo5549
Hola! ¬øEn caso de que la persona titular fallezca qu√© sucede con este capital que est√° en Fondos de Inversi√≥n?,"['Estuve preguntando sobre ese tema y por el momento al existir ese vac√≠o en los aplicativos, lo √∫nico concreto es dejar la clave de acceso a una persona de alta confianza y que pueda capitalizar la inversi√≥n y los rendimientos (dado el fallecimiento de la persona) claro est√°, de lo contrario es incierto el destino de ese dinero']",2023-04-24T13:32:14Z,@tvpro402
"Muy clara la informaci√≥n
Yo estoy en Tyba desde hace 9 meses y va muy bien","['Hola disculpa la discreci√≥n. Estoy por iniciar a invertir en Tyba, por favor me podrias orientar en que tipos de fondos puedo me puedes recomendar para invertir. Te agradezco de antemano. Bendiciones.']",2023-04-23T03:29:49Z,@aranda2186
Hablate de Trii..,['Ya hay varios videos de Trii en el canal'],2023-04-22T19:33:23Z,@jearias
Sabes cuando estar√° habilitada la opci√≥n de invertir en acciones?,"['No nos han contado nada a√∫n', '@@ColectivoMillennial Gracias!']",2023-04-21T18:36:07Z,@IyEconomia
¬øDebo Ser Mayor De Edad Para Tener Tyba?,['Si'],2023-04-21T11:30:19Z,@JLonely
Puedes hacer un video de cu√°l es el momento Ideal para retiras nuestra inversi√≥n,[],2023-04-20T17:46:07Z,@Aprendiendoandando
Que app es la m√°s segura para invertir en bitcoin? Gracias,[],2023-04-20T17:01:10Z,@cesarsegura9807
"Hay que aclarar que la comisi√≥n se cobra sobre rendimientos o sobre todo el capital, por otro lado si ellos cobran comisi√≥n y el banco o donde inviten cobra comisi√≥n se estar√≠a pagando doble? O la rentabilidad es mayor que si uno lo hiciera directamente con el banco? Gracias",[],2023-04-20T16:59:18Z,@cesarsegura9807
"Algo que no me gust√≥ o no s√© si es que no s√© hacer es que cuando mi portafolio llega a su meta de beneficio y quiere retirar el dinero para invertirlo en otro portafolio, me toca enviarlo a mi banco. Deber√≠an permitir que el dinero se quede en Tyba para poder seguir invirtiendo.","['Anteriormente se pod√≠a al tener 3 o m√°s metas de inversi√≥n, pero con las √∫ltimas actualizaciones la quitaron.']",2023-04-20T16:24:10Z,@jhonmariolemosvelez6492
Hola Donde puedo leer mas sobre como funciona cualquiera de los fondos aun no me queda claro bien como funcionan!,[],2023-04-20T01:51:47Z,@camiloruiz6545
"Hola, yo acab√© de invertir en un fondo, tuve el dinero dos meses y me fue excelente. Al retirarlo se demoraron 3 d√≠as (bastante r√°pido).","['Qu√© fondo era Julian? Si es posible, o era un portafolio?', 'Y cu√°l fue ese fondo ??', 'En que fondo invertiste?', 'Qu√© fondo era me interesa']",2023-04-19T21:22:02Z,@69utopias
"üéâüéâüéâ Espero que t√∫ canal siga creciendo  y sigan dandonos la mejor informaci√≥n c√≥mo si3mpre 

‚ù§‚ù§‚ù§üéâüéâ 
SOY Un Muy suscriptor feliz","['Gracias, gracias, gracias üíõüíõüíõ']",2023-04-19T21:02:29Z,@charliemegadigital838
"Ayyy Gabriela de verdas que te amoooo Mk jejeje, gracias a ti hemos descubierto tantas maravillas de la inversi√≥n üòÖüòÖüòÖ‚ù§‚ù§‚ù§",[],2023-04-19T21:01:34Z,@charliemegadigital838
"Yo me registre con t√∫ c√≥digo 3n Tyba Gabi 
Te adoramos, Gracias üéâ‚ù§‚ù§‚ù§‚ù§üòÖ",[],2023-04-19T20:55:34Z,@charliemegadigital838
"En donde encuentro las fichas t√©cnicas, ya que no est√°n en la descripci√≥n como anunciaron.","['Dentro de la aplicaci√≥n, escoges el portafolio o fondo y dice saber m√°s, una vez dentro dice ver ficha y se descarga un archivo PDF']",2023-04-19T20:31:08Z,@Juglar1
Gaby  tengo un cdt con tyba y ya se venci√≥ y nunca pude encontrar como reinventir el valor junto a los intereses. La √∫nica opci√≥n q me dio fue el de generar un cdt y a mi cuenta me giraban las ganancias. Creo q seria bueno q permitieran hacer eso. Porque la idea es generar m√°s ganancias con el inter√©s compuesto. Deber√≠as informar eso. Gracias,"['Holaaaaa! ¬øTe puedo preguntar c√≥mo te fue con el CDT?', 'Si lo puedes hacer, cuando creas el cdt la app te pregunta si al finalizar el plazo deseas renovarlo o cancelar y se puede renovar, lo que no se puede hacer por ahora es reinvertirlo en otro producto de la misma plataforma']",2023-04-19T18:05:09Z,@arielleonardoyanezguevara3350
"Sobre crear un portafolio propio, bastar√≠a con dividir el dinero a invertir en varios fondos en las proporciones que uno desee. Buen video.",['gracias genio'],2023-04-19T04:14:06Z,@janer00000
"Lo m√°s importante es saber c√≥mo se retira uno de esa inversi√≥n. Que no sea vendiendo. Por ejemplo invert√≠ en un fondo  inmobiliario de fiduoccidente que administran credicorp capital y tras de que no se ha nado un peso y por el contrario perdidas, ha sido un dolor de cabeza el retirarse porque deben haber interesados en comprar. Por lo cual estoy demasiado amarrado con una suma importante que est√° perdiendo su valor adquisitivo.","['Solo lo retiras desde la app, tarda una o dos semanas por mucho']",2023-04-19T03:46:12Z,@joseskatalitico
"Muchas gracias Gabi! Muy buen video. Tambi√©n ser√≠a interesante uno sobre Tyba Pocket! üòä

Por cierto, he visto algunos videos que hablan sobre una nueva plataforma de inversi√≥n en Colombia, llamada Bloom, que est√° vigilada por la superintendencia financiera de Colombia y todo. Parece que se puede invertir desde 50.000 y se ve interesante. ¬øhas escuchado algo al respecto? ü§î","['Si, est√° en la lista üíõ']",2023-04-19T03:07:02Z,@DannaR07
"Hola, no me gusta de Tyba que si uno tiene una inversi√≥n y desea pasar la totalidad o parte de ese dinero a otra inversion tiene que retirar el dinero, pasarlo a la cuenta personal y luego volver a adicionar a Tyba. Mucho proceso y poco practico-","['Antes ten√≠an una opci√≥n de transferir de fondo a fondo, ojal√° la vuelvan a habilitar pronto']",2023-04-19T01:41:44Z,@richardrochels6763
"Muy buena la aplicaci√≥n, me gusta mucho, tengo varias inversiones all√≠. Ser√≠a muy bueno que las inversiones se demoraran menos en reflejarse. Actualmente, tal como se menciona en el v√≠deo, demora 3 d√≠as haci√©ndolo a trav√©s de PSE. Otro punto es que cuando se hace un retiro, tambi√©n toma 8 d√≠as h√°biles para verse reflejado en nuestra cuenta. Por lo dem√°s, muy bien.",[],2023-04-19T01:33:06Z,@jeancantrell519
"Hola, ni de cerquita soy Millennial pero me encanta este canal. Invierto en Tyba hace m√°s de un a√±o y me ha ido muy bien, cuando requer√≠ el dinero por cuesti√≥n de urgencia fueron diligentes. Actualmente estoy invirtiendo en Renta Fija Colombia y mientras siga la volatilidad y las altas tasas de inter√©s es muy buena opci√≥n, lo que s√≠ deber√≠an tener es una opci√≥n de cambio entre portafolios, pues una vez que un portafolio deja de ser atractivo, hay que retirar el dinero e invertirlo empezando de cero. Muchas gracias Gaby por tu trabajo.","['Hola. Podr√≠as compartir c√≥mo fue tu proceso para el retiro ?', 'Inicialmente si estaba esa opci√≥n teniendo 3 o m√°s metas de inversi√≥n, pero con las √∫ltimas actualizaciones eliminaron la opci√≥n.']",2023-04-18T23:37:03Z,@fernandoarturoduarteprado6158
"Hola Gaby!
Gracias por la info, llevo un par de meses con Tyba y me ha ido bien. 

Te quer√≠a hacer una pregunta, suponiendo que el d√≠a de hoy tengo una rentabilidad de 10.000 pesos en alg√∫n fondo y hago el retiro del dinero, y hasta despu√©s de dos d√≠as se hace efectivo el retiro del dinero, deber√≠a recibir los 10.000 pesos de rentabilidad o recibir√≠a la rentabilidad que tengo en el d√≠a que se hace efectivo el retiro?
Esto lo pregunto en particular por los fondos que tienen alta volatilidad y que un d√≠a pueden estar con ""ganancias"" y al siguiente en ""p√©rdidas"".",[],2023-04-18T22:07:24Z,@glennamaya6272
‚ù§‚ù§‚ù§ gracias,[],2023-04-18T19:48:16Z,@legonferrocarilcoordinador9637
Muchas gracias Gaby por esta informaci√≥n.,[],2023-04-18T19:05:37Z,@alexandraramirez5419
Hola üëã Gaby soy Diego Dussan üéâ‚ù§ saludeme en El proximo video ya que soy fiel espectador y me gusta su contenido üòä Chao !,['Holaaaaa‚ù§Ô∏è\u200düî•'],2023-04-18T18:58:12Z,@ganaderiaycabanasdondiego
"Que buen video Gabi, tengo una inquietud... El √∫ltimo fondo del que hablaste de ""alta liquidez"" es el de Tyba Pocket? Gracias üòä","['Si, ese mismo üíõ']",2023-04-18T18:48:57Z,@juancollantes2916
Pero en la app dice que el fondo de renta fija Colombia ha estado en negativo los √∫ltimos 6 meses,"['Los datos en la app muchas veces enloquecen, lo mejor es revisar la ficha t√©cnica']",2023-04-18T18:22:13Z,@angierolondelahoz6751
Excelente video !!!,[],2023-04-18T17:54:39Z,@partywithoutcopyrights6306
Gracias Gaby por la informaci√≥n,[],2023-04-18T17:52:48Z,@davidhernandez-yc4bb
"Gaby hola, muy interesante el v√≠deo, pero te quiero preguntar si en Tyba se puede invertir espec√≠ficamente en alguna acci√≥n como por ejemplo Ecopetrol, para tener solo acciones que uno quiera o tener de una sola compa√±√≠a, gracias‚ù§","['Nope', 'bro, para tu caso en especifico existe trii, aunque la comision si es alta y le toca a uno esperar los dias sin comision, yo no he comprado mi primera accion por eso,asi que mietras se da el momento ire reuniendo capital para poder comprar varias acciones cuando pueda', '@@ColectivoMillennial Hola Gaby ser√≠a bueno que averiguar de este tema ya que tienes contacto con Tyba para que nos informes.\nQue tengas un excelente d√≠a.', 'Para las acciones puedes usar Trii']",2023-04-18T17:49:28Z,@jorgea.diazrangel5839
"Tyba es una aplicaci√≥n √∫til, personalmente no tengo mucho tiempo libre as√≠ que aplicaciones que me faciliten las cosas son excelentes. Como siempre, no se debe invertir en lo que no se conoce y las rentabilidades nunca se pueden asegurar, los portafolios son √∫tiles pero crear tu propio portafolio ser√≠a lo mejor, es una buena opci√≥n para empezar, especialmente si uno no tiene experiencia.",['Que m√°s amigo c√≥mo est√°s? Me puedes explicar un poco por favor.'],2023-04-18T17:01:32Z,@michaelandresarizavaron8314
"A m√≠ me ha ido muy muy bien en tyba Pocket, eso por detr√°s es pura renta fija. La verdad, mencanta. Gracias por tu info.","['Hola, cuanto tiempo llevas us√°ndolo?', 'No puedo decir lo mismo, tengo un poco m√°s de 1 mill√≥n y no ha alcanzado a darme ni 15.000 pesos', 'Hola, sabes cuanto te cobra de comisi√≥n?\nLo puedes retirar en cualquier momento?', '\u200b@@karendanielasalinas7187 La comisi√≥n es del 1,3%, dado que los recursos son invertidos en el FIC de alta liquidez. S√≠, los puedes retirar en cualquier momento, pero se puede demorar hasta 8 d√≠as h√°biles en qu√© se ve reflejado en tu cuenta de ahorros relacionada.', '@@JuanSBorja Ese 1,3% es con base al rendimiento obtenido o el capital total invertido?']",2023-04-18T16:42:46Z,@pablostevenruizbello1169
